-- MySQL dump 10.13  Distrib 9.6.0, for macos26.2 (arm64)
--
-- Host: localhost    Database: rims_live
-- ------------------------------------------------------
-- Server version	9.6.0

/*!40101 SET @OLD_CHARACTER_SET_CLIENT=@@CHARACTER_SET_CLIENT */;
/*!40101 SET @OLD_CHARACTER_SET_RESULTS=@@CHARACTER_SET_RESULTS */;
/*!40101 SET @OLD_COLLATION_CONNECTION=@@COLLATION_CONNECTION */;
/*!50503 SET NAMES utf8mb4 */;
/*!40103 SET @OLD_TIME_ZONE=@@TIME_ZONE */;
/*!40103 SET TIME_ZONE='+00:00' */;
/*!40014 SET @OLD_UNIQUE_CHECKS=@@UNIQUE_CHECKS, UNIQUE_CHECKS=0 */;
/*!40014 SET @OLD_FOREIGN_KEY_CHECKS=@@FOREIGN_KEY_CHECKS, FOREIGN_KEY_CHECKS=0 */;
/*!40101 SET @OLD_SQL_MODE=@@SQL_MODE, SQL_MODE='NO_AUTO_VALUE_ON_ZERO' */;
/*!40111 SET @OLD_SQL_NOTES=@@SQL_NOTES, SQL_NOTES=0 */;
SET @MYSQLDUMP_TEMP_LOG_BIN = @@SESSION.SQL_LOG_BIN;
SET @@SESSION.SQL_LOG_BIN= 0;

--
-- GTID state at the beginning of the backup 
--

SET @@GLOBAL.GTID_PURGED=/*!80000 '+'*/ 'b85a29f2-1f64-11f1-b1be-f39e3d56f9dd:1-341';

--
-- Table structure for table `products`
--

DROP TABLE IF EXISTS `products`;
/*!40101 SET @saved_cs_client     = @@character_set_client */;
/*!50503 SET character_set_client = utf8mb4 */;
CREATE TABLE `products` (
  `id` int NOT NULL AUTO_INCREMENT,
  `product_code` varchar(50) NOT NULL,
  `name` varchar(100) NOT NULL,
  `category` varchar(100) DEFAULT NULL,
  `quantity` int NOT NULL DEFAULT '0',
  `min_stock_level` int NOT NULL DEFAULT '10',
  `unit_price` decimal(10,2) NOT NULL DEFAULT '0.00',
  `barcode` varchar(100) DEFAULT NULL,
  `description` text,
  `created_at` timestamp NULL DEFAULT CURRENT_TIMESTAMP,
  `updated_at` timestamp NULL DEFAULT CURRENT_TIMESTAMP ON UPDATE CURRENT_TIMESTAMP,
  PRIMARY KEY (`id`),
  UNIQUE KEY `product_code` (`product_code`),
  UNIQUE KEY `uq_products_product_code` (`product_code`),
  UNIQUE KEY `barcode` (`barcode`),
  UNIQUE KEY `uq_products_barcode` (`barcode`)
) ENGINE=InnoDB AUTO_INCREMENT=22 DEFAULT CHARSET=utf8mb4 COLLATE=utf8mb4_0900_ai_ci;
/*!40101 SET character_set_client = @saved_cs_client */;

--
-- Dumping data for table `products`
--

LOCK TABLES `products` WRITE;
/*!40000 ALTER TABLE `products` DISABLE KEYS */;
INSERT INTO `products` VALUES (1,'P001','Coca Cola 50cl','Drinks',0,10,500.00,'100000001','Soft drink bottle','2026-03-14 05:47:47','2026-03-17 08:56:21'),(2,'P002','Peak Milk 170g','Groceries',22,8,850.00,'100000002','Powdered milk sachet','2026-03-14 05:47:47','2026-03-17 07:06:38'),(3,'P003','Indomie Chicken','Noodles',54,15,350.00,'100000003','Instant noodles','2026-03-14 05:47:47','2026-03-24 12:34:48'),(4,'P004','Basmati Rice 1kg','Foodstuff',30,5,3200.00,'100000004','Premium rice','2026-03-14 05:47:47','2026-03-24 12:31:20'),(5,'P005','Golden Penny Spaghetti','Pasta',0,10,700.00,'100000005','Spaghetti pack','2026-03-14 05:47:47','2026-03-17 07:04:29'),(6,'P006','Munchkin','Biscuit',2,2,500.00,'1234','Sweet and savory','2026-03-15 23:19:45','2026-03-26 12:51:13'),(7,'P007','Lip gloss','Cosmetic',10,5,1000.00,'767062035745',NULL,'2026-03-16 14:14:30','2026-03-23 21:55:29'),(18,'P010','Biscuit','Snack',498,20,100.00,'123456789036',NULL,'2026-03-16 14:47:51','2026-03-24 12:22:49'),(19,'P011','Phone','devices',9,2,100000.00,'1000000001',NULL,'2026-03-16 15:07:05','2026-03-17 09:04:06'),(20,'P0001','cars','Automobile',10,1,100000.00,'exp://172.20.10.3:8081',NULL,'2026-03-17 06:38:21','2026-03-17 06:38:21'),(21,'P01011','Comb','Hair care',1,2,1500.00,'01234565',NULL,'2026-03-17 12:27:44','2026-03-23 22:15:35');
/*!40000 ALTER TABLE `products` ENABLE KEYS */;
UNLOCK TABLES;

--
-- Table structure for table `sale_items`
--

DROP TABLE IF EXISTS `sale_items`;
/*!40101 SET @saved_cs_client     = @@character_set_client */;
/*!50503 SET character_set_client = utf8mb4 */;
CREATE TABLE `sale_items` (
  `id` int NOT NULL AUTO_INCREMENT,
  `sale_id` int NOT NULL,
  `product_id` int NOT NULL,
  `quantity` int NOT NULL,
  `unit_price` decimal(10,2) NOT NULL,
  `subtotal` decimal(10,2) NOT NULL,
  PRIMARY KEY (`id`),
  KEY `sale_id` (`sale_id`),
  KEY `product_id` (`product_id`),
  CONSTRAINT `sale_items_ibfk_1` FOREIGN KEY (`sale_id`) REFERENCES `sales` (`id`) ON DELETE CASCADE,
  CONSTRAINT `sale_items_ibfk_2` FOREIGN KEY (`product_id`) REFERENCES `products` (`id`)
) ENGINE=InnoDB AUTO_INCREMENT=296 DEFAULT CHARSET=utf8mb4 COLLATE=utf8mb4_0900_ai_ci;
/*!40101 SET character_set_client = @saved_cs_client */;

--
-- Dumping data for table `sale_items`
--

LOCK TABLES `sale_items` WRITE;
/*!40000 ALTER TABLE `sale_items` DISABLE KEYS */;
INSERT INTO `sale_items` VALUES (1,1,1,16,500.00,8000.00),(2,2,2,1,850.00,850.00),(3,2,3,2,350.00,700.00),(4,2,5,2,700.00,1400.00),(5,2,4,1,3200.00,3200.00),(6,2,6,1,500.00,500.00),(7,2,1,1,500.00,500.00),(8,3,4,1,3200.00,3200.00),(9,3,6,7,500.00,3500.00),(10,4,1,3,500.00,1500.00),(11,4,6,2,500.00,1000.00),(12,4,5,1,700.00,700.00),(13,5,7,1,1000.00,1000.00),(14,6,5,1,700.00,700.00),(15,6,6,1,500.00,500.00),(16,7,1,2,500.00,1000.00),(17,7,2,2,850.00,1700.00),(18,8,1,28,500.00,14000.00),(19,8,7,9,1000.00,9000.00),(20,9,4,9,3200.00,28800.00),(21,9,18,15,100.00,1500.00),(22,10,6,1,500.00,500.00),(23,10,19,1,100000.00,100000.00),(24,10,18,13,100.00,1300.00),(25,11,18,1,100.00,100.00),(26,12,18,2,100.00,200.00),(27,13,18,6,100.00,600.00),(28,14,21,9,1500.00,13500.00),(29,15,21,1,1500.00,1500.00),(30,15,18,1,100.00,100.00),(31,15,6,1,500.00,500.00),(32,16,18,1,100.00,100.00),(33,17,18,2,100.00,200.00),(34,18,18,2,100.00,200.00),(35,19,18,2,100.00,200.00),(36,20,18,2,100.00,200.00),(37,21,18,2,100.00,200.00),(38,22,18,2,100.00,200.00),(39,23,18,2,100.00,200.00),(40,24,18,2,100.00,200.00),(41,25,18,2,100.00,200.00),(42,26,18,2,100.00,200.00),(43,27,18,8,100.00,800.00),(44,28,18,3,100.00,300.00),(45,28,21,1,1500.00,1500.00),(46,28,3,2,350.00,700.00),(47,29,18,2,100.00,200.00),(48,30,18,2,100.00,200.00),(49,31,18,2,100.00,200.00),(50,32,18,2,100.00,200.00),(51,33,18,2,100.00,200.00),(52,34,18,2,100.00,200.00),(53,35,18,2,100.00,200.00),(54,36,18,2,100.00,200.00),(55,37,18,2,100.00,200.00),(56,38,18,2,100.00,200.00),(57,39,18,2,100.00,200.00),(58,40,18,2,100.00,200.00),(59,41,18,2,100.00,200.00),(60,42,18,2,100.00,200.00),(61,43,18,2,100.00,200.00),(62,44,18,2,100.00,200.00),(63,45,18,2,100.00,200.00),(64,46,18,2,100.00,200.00),(65,47,18,2,100.00,200.00),(66,48,18,2,100.00,200.00),(67,49,18,2,100.00,200.00),(68,50,18,2,100.00,200.00),(69,51,18,2,100.00,200.00),(70,52,18,2,100.00,200.00),(71,53,18,2,100.00,200.00),(72,54,18,2,100.00,200.00),(73,55,18,2,100.00,200.00),(74,56,18,2,100.00,200.00),(75,57,18,2,100.00,200.00),(76,58,18,2,100.00,200.00),(77,59,18,2,100.00,200.00),(78,60,18,2,100.00,200.00),(79,61,18,2,100.00,200.00),(80,62,18,2,100.00,200.00),(81,63,18,2,100.00,200.00),(82,64,18,2,100.00,200.00),(83,65,18,2,100.00,200.00),(84,66,18,2,100.00,200.00),(85,67,18,2,100.00,200.00),(86,68,18,2,100.00,200.00),(87,69,18,2,100.00,200.00),(88,70,18,2,100.00,200.00),(89,71,18,2,100.00,200.00),(90,72,18,2,100.00,200.00),(91,73,18,2,100.00,200.00),(92,74,18,2,100.00,200.00),(93,75,18,2,100.00,200.00),(94,76,18,2,100.00,200.00),(95,77,18,2,100.00,200.00),(96,78,18,2,100.00,200.00),(97,79,18,2,100.00,200.00),(98,80,18,2,100.00,200.00),(99,81,18,2,100.00,200.00),(100,82,18,2,100.00,200.00),(101,83,18,2,100.00,200.00),(102,84,18,2,100.00,200.00),(103,85,18,2,100.00,200.00),(104,86,18,2,100.00,200.00),(105,87,18,2,100.00,200.00),(106,88,18,2,100.00,200.00),(107,89,18,2,100.00,200.00),(108,90,18,2,100.00,200.00),(109,91,18,2,100.00,200.00),(110,92,18,2,100.00,200.00),(111,93,18,2,100.00,200.00),(112,94,18,2,100.00,200.00),(113,95,18,2,100.00,200.00),(114,96,18,2,100.00,200.00),(115,97,18,2,100.00,200.00),(116,98,18,2,100.00,200.00),(117,99,18,2,100.00,200.00),(118,100,18,2,100.00,200.00),(119,101,18,2,100.00,200.00),(120,102,18,2,100.00,200.00),(121,103,18,2,100.00,200.00),(122,104,18,2,100.00,200.00),(123,105,18,2,100.00,200.00),(124,106,18,2,100.00,200.00),(125,107,18,2,100.00,200.00),(126,108,18,2,100.00,200.00),(127,109,18,2,100.00,200.00),(128,110,18,2,100.00,200.00),(129,111,18,2,100.00,200.00),(130,112,18,2,100.00,200.00),(131,113,18,2,100.00,200.00),(132,114,18,2,100.00,200.00),(133,115,18,2,100.00,200.00),(134,116,18,2,100.00,200.00),(135,117,18,2,100.00,200.00),(136,118,18,2,100.00,200.00),(137,119,18,2,100.00,200.00),(138,120,18,2,100.00,200.00),(139,121,18,2,100.00,200.00),(140,122,18,2,100.00,200.00),(141,123,18,2,100.00,200.00),(142,124,18,2,100.00,200.00),(143,125,18,2,100.00,200.00),(144,126,18,2,100.00,200.00),(145,127,18,2,100.00,200.00),(146,128,18,2,100.00,200.00),(147,129,18,2,100.00,200.00),(148,130,18,2,100.00,200.00),(149,131,18,2,100.00,200.00),(150,132,18,2,100.00,200.00),(151,133,18,2,100.00,200.00),(152,134,18,2,100.00,200.00),(153,135,18,2,100.00,200.00),(154,136,18,2,100.00,200.00),(155,137,18,2,100.00,200.00),(156,138,18,2,100.00,200.00),(157,139,18,2,100.00,200.00),(158,140,18,2,100.00,200.00),(159,141,18,2,100.00,200.00),(160,142,18,2,100.00,200.00),(161,143,18,2,100.00,200.00),(162,144,18,2,100.00,200.00),(163,145,18,2,100.00,200.00),(164,146,18,2,100.00,200.00),(165,147,18,2,100.00,200.00),(166,148,18,2,100.00,200.00),(167,149,18,2,100.00,200.00),(168,150,18,2,100.00,200.00),(169,151,18,2,100.00,200.00),(170,152,18,2,100.00,200.00),(171,153,18,2,100.00,200.00),(172,154,18,2,100.00,200.00),(173,155,18,2,100.00,200.00),(174,156,18,2,100.00,200.00),(175,157,18,2,100.00,200.00),(176,158,18,2,100.00,200.00),(177,159,18,2,100.00,200.00),(178,160,18,2,100.00,200.00),(179,161,18,2,100.00,200.00),(180,162,18,2,100.00,200.00),(181,163,18,2,100.00,200.00),(182,164,18,2,100.00,200.00),(183,165,18,2,100.00,200.00),(184,166,18,2,100.00,200.00),(185,167,18,2,100.00,200.00),(186,168,18,2,100.00,200.00),(187,169,18,2,100.00,200.00),(188,170,18,2,100.00,200.00),(189,171,18,2,100.00,200.00),(190,172,18,2,100.00,200.00),(191,173,18,2,100.00,200.00),(192,174,18,2,100.00,200.00),(193,175,18,2,100.00,200.00),(194,176,18,2,100.00,200.00),(195,177,18,2,100.00,200.00),(196,178,18,2,100.00,200.00),(197,179,18,2,100.00,200.00),(198,180,18,2,100.00,200.00),(199,181,18,2,100.00,200.00),(200,182,18,2,100.00,200.00),(201,183,18,2,100.00,200.00),(202,184,18,2,100.00,200.00),(203,185,18,2,100.00,200.00),(204,186,18,2,100.00,200.00),(205,187,18,2,100.00,200.00),(206,188,18,2,100.00,200.00),(207,189,18,2,100.00,200.00),(208,190,18,2,100.00,200.00),(209,191,18,2,100.00,200.00),(210,192,18,2,100.00,200.00),(211,193,18,2,100.00,200.00),(212,194,18,2,100.00,200.00),(213,195,18,2,100.00,200.00),(214,196,18,2,100.00,200.00),(215,197,18,2,100.00,200.00),(216,198,18,2,100.00,200.00),(217,199,18,2,100.00,200.00),(218,200,18,2,100.00,200.00),(219,201,18,2,100.00,200.00),(220,202,18,2,100.00,200.00),(221,203,18,2,100.00,200.00),(222,204,18,2,100.00,200.00),(223,205,18,2,100.00,200.00),(224,206,18,2,100.00,200.00),(225,207,18,2,100.00,200.00),(226,208,18,2,100.00,200.00),(227,209,18,2,100.00,200.00),(228,210,18,2,100.00,200.00),(229,211,18,2,100.00,200.00),(230,212,18,2,100.00,200.00),(231,213,18,2,100.00,200.00),(232,214,18,2,100.00,200.00),(233,215,18,2,100.00,200.00),(234,216,18,2,100.00,200.00),(235,217,18,2,100.00,200.00),(236,218,18,2,100.00,200.00),(237,219,18,2,100.00,200.00),(238,220,18,2,100.00,200.00),(239,221,18,2,100.00,200.00),(240,222,18,2,100.00,200.00),(241,223,18,2,100.00,200.00),(242,224,18,2,100.00,200.00),(243,225,18,2,100.00,200.00),(244,226,18,2,100.00,200.00),(245,227,18,2,100.00,200.00),(246,228,18,2,100.00,200.00),(247,229,18,2,100.00,200.00),(248,230,18,2,100.00,200.00),(249,231,18,2,100.00,200.00),(250,232,18,2,100.00,200.00),(251,233,18,2,100.00,200.00),(252,234,18,2,100.00,200.00),(253,235,18,2,100.00,200.00),(254,236,18,2,100.00,200.00),(255,237,18,2,100.00,200.00),(256,238,18,2,100.00,200.00),(257,239,18,2,100.00,200.00),(258,240,18,2,100.00,200.00),(259,241,18,2,100.00,200.00),(260,242,18,2,100.00,200.00),(261,243,18,2,100.00,200.00),(262,244,18,2,100.00,200.00),(263,245,18,2,100.00,200.00),(264,246,18,2,100.00,200.00),(265,247,18,2,100.00,200.00),(266,248,18,2,100.00,200.00),(267,249,18,2,100.00,200.00),(268,250,18,2,100.00,200.00),(269,251,18,2,100.00,200.00),(270,252,18,2,100.00,200.00),(271,253,18,2,100.00,200.00),(272,254,18,2,100.00,200.00),(273,255,18,2,100.00,200.00),(274,256,18,2,100.00,200.00),(275,257,18,2,100.00,200.00),(276,258,18,2,100.00,200.00),(277,259,18,2,100.00,200.00),(278,260,18,2,100.00,200.00),(279,261,18,2,100.00,200.00),(280,262,18,2,100.00,200.00),(281,263,18,2,100.00,200.00),(282,264,18,2,100.00,200.00),(283,265,18,2,100.00,200.00),(284,266,18,2,100.00,200.00),(285,267,18,2,100.00,200.00),(286,268,18,2,100.00,200.00),(287,269,18,2,100.00,200.00),(288,270,18,2,100.00,200.00),(289,271,18,2,100.00,200.00),(290,272,18,2,100.00,200.00),(291,273,18,2,100.00,200.00),(292,274,18,2,100.00,200.00),(293,275,6,1,500.00,500.00),(294,275,4,1,3200.00,3200.00),(295,276,3,2,350.00,700.00);
/*!40000 ALTER TABLE `sale_items` ENABLE KEYS */;
UNLOCK TABLES;

--
-- Table structure for table `sales`
--

DROP TABLE IF EXISTS `sales`;
/*!40101 SET @saved_cs_client     = @@character_set_client */;
/*!50503 SET character_set_client = utf8mb4 */;
CREATE TABLE `sales` (
  `id` int NOT NULL AUTO_INCREMENT,
  `staff_user_id` int NOT NULL,
  `total_amount` decimal(10,2) NOT NULL DEFAULT '0.00',
  `created_at` timestamp NULL DEFAULT CURRENT_TIMESTAMP,
  PRIMARY KEY (`id`),
  KEY `staff_user_id` (`staff_user_id`),
  CONSTRAINT `sales_ibfk_1` FOREIGN KEY (`staff_user_id`) REFERENCES `users` (`id`)
) ENGINE=InnoDB AUTO_INCREMENT=277 DEFAULT CHARSET=utf8mb4 COLLATE=utf8mb4_0900_ai_ci;
/*!40101 SET character_set_client = @saved_cs_client */;

--
-- Dumping data for table `sales`
--

LOCK TABLES `sales` WRITE;
/*!40000 ALTER TABLE `sales` DISABLE KEYS */;
INSERT INTO `sales` VALUES (1,2,8000.00,'2026-03-15 16:28:48'),(2,2,7150.00,'2026-03-16 00:02:00'),(3,2,6700.00,'2026-03-16 00:20:14'),(4,2,3200.00,'2026-03-16 08:58:59'),(5,2,1000.00,'2026-03-17 07:02:59'),(6,2,1200.00,'2026-03-17 07:04:29'),(7,2,2700.00,'2026-03-17 07:06:38'),(8,2,23000.00,'2026-03-17 08:56:21'),(9,2,30300.00,'2026-03-17 08:59:21'),(10,2,101800.00,'2026-03-17 09:04:05'),(11,2,100.00,'2026-03-17 11:59:40'),(12,2,200.00,'2026-03-17 12:14:29'),(13,2,600.00,'2026-03-17 12:15:53'),(14,2,13500.00,'2026-03-17 12:29:34'),(15,2,2100.00,'2026-03-17 22:04:50'),(16,2,100.00,'2026-03-22 16:35:20'),(17,1,200.00,'2026-03-23 10:38:30'),(18,1,200.00,'2026-03-23 10:38:30'),(19,1,200.00,'2026-03-23 10:38:31'),(20,1,200.00,'2026-03-23 10:38:31'),(21,1,200.00,'2026-03-23 10:38:32'),(22,1,200.00,'2026-03-23 10:38:32'),(23,1,200.00,'2026-03-23 10:38:33'),(24,1,200.00,'2026-03-23 10:38:33'),(25,1,200.00,'2026-03-23 10:38:34'),(26,1,200.00,'2026-03-23 10:38:34'),(27,2,800.00,'2026-03-23 15:43:11'),(28,5,2500.00,'2026-03-23 21:59:09'),(29,1,200.00,'2026-03-24 08:47:35'),(30,1,200.00,'2026-03-24 11:36:54'),(31,1,200.00,'2026-03-24 11:44:21'),(32,1,200.00,'2026-03-24 11:48:08'),(33,1,200.00,'2026-03-24 11:48:08'),(34,1,200.00,'2026-03-24 11:48:08'),(35,1,200.00,'2026-03-24 11:48:08'),(36,1,200.00,'2026-03-24 11:48:08'),(37,1,200.00,'2026-03-24 11:48:08'),(38,1,200.00,'2026-03-24 11:48:08'),(39,1,200.00,'2026-03-24 11:48:08'),(40,1,200.00,'2026-03-24 11:48:08'),(41,1,200.00,'2026-03-24 11:48:08'),(42,1,200.00,'2026-03-24 11:48:09'),(43,1,200.00,'2026-03-24 11:48:09'),(44,1,200.00,'2026-03-24 11:48:09'),(45,1,200.00,'2026-03-24 11:48:09'),(46,1,200.00,'2026-03-24 11:48:09'),(47,1,200.00,'2026-03-24 11:48:09'),(48,1,200.00,'2026-03-24 11:48:09'),(49,1,200.00,'2026-03-24 11:48:09'),(50,1,200.00,'2026-03-24 11:48:09'),(51,1,200.00,'2026-03-24 11:48:09'),(52,1,200.00,'2026-03-24 11:48:10'),(53,1,200.00,'2026-03-24 11:48:10'),(54,1,200.00,'2026-03-24 11:48:10'),(55,1,200.00,'2026-03-24 11:48:10'),(56,1,200.00,'2026-03-24 11:48:10'),(57,1,200.00,'2026-03-24 11:48:10'),(58,1,200.00,'2026-03-24 11:48:10'),(59,1,200.00,'2026-03-24 11:48:10'),(60,1,200.00,'2026-03-24 11:48:10'),(61,1,200.00,'2026-03-24 11:48:10'),(62,1,200.00,'2026-03-24 11:48:11'),(63,1,200.00,'2026-03-24 11:48:11'),(64,1,200.00,'2026-03-24 11:48:11'),(65,1,200.00,'2026-03-24 11:48:11'),(66,1,200.00,'2026-03-24 11:48:11'),(67,1,200.00,'2026-03-24 11:48:11'),(68,1,200.00,'2026-03-24 11:48:11'),(69,1,200.00,'2026-03-24 11:48:11'),(70,1,200.00,'2026-03-24 11:48:11'),(71,1,200.00,'2026-03-24 11:48:11'),(72,1,200.00,'2026-03-24 11:48:12'),(73,1,200.00,'2026-03-24 11:48:12'),(74,1,200.00,'2026-03-24 12:00:35'),(75,1,200.00,'2026-03-24 12:00:35'),(76,1,200.00,'2026-03-24 12:00:35'),(77,1,200.00,'2026-03-24 12:00:36'),(78,1,200.00,'2026-03-24 12:00:36'),(79,1,200.00,'2026-03-24 12:00:36'),(80,1,200.00,'2026-03-24 12:00:36'),(81,1,200.00,'2026-03-24 12:00:36'),(82,1,200.00,'2026-03-24 12:00:36'),(83,1,200.00,'2026-03-24 12:00:36'),(84,1,200.00,'2026-03-24 12:00:36'),(85,1,200.00,'2026-03-24 12:00:36'),(86,1,200.00,'2026-03-24 12:00:36'),(87,1,200.00,'2026-03-24 12:00:36'),(88,1,200.00,'2026-03-24 12:00:36'),(89,1,200.00,'2026-03-24 12:00:37'),(90,1,200.00,'2026-03-24 12:00:37'),(91,1,200.00,'2026-03-24 12:00:37'),(92,1,200.00,'2026-03-24 12:00:37'),(93,1,200.00,'2026-03-24 12:00:37'),(94,1,200.00,'2026-03-24 12:00:37'),(95,1,200.00,'2026-03-24 12:00:37'),(96,1,200.00,'2026-03-24 12:00:37'),(97,1,200.00,'2026-03-24 12:00:37'),(98,1,200.00,'2026-03-24 12:00:37'),(99,1,200.00,'2026-03-24 12:00:38'),(100,1,200.00,'2026-03-24 12:00:38'),(101,1,200.00,'2026-03-24 12:00:38'),(102,1,200.00,'2026-03-24 12:00:38'),(103,1,200.00,'2026-03-24 12:00:38'),(104,1,200.00,'2026-03-24 12:00:38'),(105,1,200.00,'2026-03-24 12:00:38'),(106,1,200.00,'2026-03-24 12:00:38'),(107,1,200.00,'2026-03-24 12:00:38'),(108,1,200.00,'2026-03-24 12:00:38'),(109,1,200.00,'2026-03-24 12:00:39'),(110,1,200.00,'2026-03-24 12:00:39'),(111,1,200.00,'2026-03-24 12:00:39'),(112,1,200.00,'2026-03-24 12:00:39'),(113,1,200.00,'2026-03-24 12:00:39'),(114,1,200.00,'2026-03-24 12:00:39'),(115,1,200.00,'2026-03-24 12:00:39'),(116,1,200.00,'2026-03-24 12:00:39'),(117,1,200.00,'2026-03-24 12:00:39'),(118,1,200.00,'2026-03-24 12:00:39'),(119,1,200.00,'2026-03-24 12:00:40'),(120,1,200.00,'2026-03-24 12:00:40'),(121,1,200.00,'2026-03-24 12:00:40'),(122,1,200.00,'2026-03-24 12:00:40'),(123,1,200.00,'2026-03-24 12:00:40'),(124,1,200.00,'2026-03-24 12:04:35'),(125,1,200.00,'2026-03-24 12:04:35'),(126,1,200.00,'2026-03-24 12:04:35'),(127,1,200.00,'2026-03-24 12:04:36'),(128,1,200.00,'2026-03-24 12:04:36'),(129,1,200.00,'2026-03-24 12:04:36'),(130,1,200.00,'2026-03-24 12:04:36'),(131,1,200.00,'2026-03-24 12:04:36'),(132,1,200.00,'2026-03-24 12:04:36'),(133,1,200.00,'2026-03-24 12:04:36'),(134,1,200.00,'2026-03-24 12:04:36'),(135,1,200.00,'2026-03-24 12:04:36'),(136,1,200.00,'2026-03-24 12:04:36'),(137,1,200.00,'2026-03-24 12:04:36'),(138,1,200.00,'2026-03-24 12:04:36'),(139,1,200.00,'2026-03-24 12:04:37'),(140,1,200.00,'2026-03-24 12:04:37'),(141,1,200.00,'2026-03-24 12:04:37'),(142,1,200.00,'2026-03-24 12:04:37'),(143,1,200.00,'2026-03-24 12:04:37'),(144,1,200.00,'2026-03-24 12:04:37'),(145,1,200.00,'2026-03-24 12:04:37'),(146,1,200.00,'2026-03-24 12:04:37'),(147,1,200.00,'2026-03-24 12:04:37'),(148,1,200.00,'2026-03-24 12:04:37'),(149,1,200.00,'2026-03-24 12:04:38'),(150,1,200.00,'2026-03-24 12:04:38'),(151,1,200.00,'2026-03-24 12:04:38'),(152,1,200.00,'2026-03-24 12:04:38'),(153,1,200.00,'2026-03-24 12:04:38'),(154,1,200.00,'2026-03-24 12:04:38'),(155,1,200.00,'2026-03-24 12:04:38'),(156,1,200.00,'2026-03-24 12:04:38'),(157,1,200.00,'2026-03-24 12:04:38'),(158,1,200.00,'2026-03-24 12:04:38'),(159,1,200.00,'2026-03-24 12:04:39'),(160,1,200.00,'2026-03-24 12:04:39'),(161,1,200.00,'2026-03-24 12:04:39'),(162,1,200.00,'2026-03-24 12:04:39'),(163,1,200.00,'2026-03-24 12:04:39'),(164,1,200.00,'2026-03-24 12:04:39'),(165,1,200.00,'2026-03-24 12:04:39'),(166,1,200.00,'2026-03-24 12:04:39'),(167,1,200.00,'2026-03-24 12:04:39'),(168,1,200.00,'2026-03-24 12:04:39'),(169,1,200.00,'2026-03-24 12:04:40'),(170,1,200.00,'2026-03-24 12:04:40'),(171,1,200.00,'2026-03-24 12:04:40'),(172,1,200.00,'2026-03-24 12:04:40'),(173,1,200.00,'2026-03-24 12:04:40'),(174,1,200.00,'2026-03-24 12:04:40'),(175,1,200.00,'2026-03-24 12:04:40'),(176,1,200.00,'2026-03-24 12:04:40'),(177,1,200.00,'2026-03-24 12:04:40'),(178,1,200.00,'2026-03-24 12:04:40'),(179,1,200.00,'2026-03-24 12:04:41'),(180,1,200.00,'2026-03-24 12:04:41'),(181,1,200.00,'2026-03-24 12:04:41'),(182,1,200.00,'2026-03-24 12:04:41'),(183,1,200.00,'2026-03-24 12:04:41'),(184,1,200.00,'2026-03-24 12:04:41'),(185,1,200.00,'2026-03-24 12:04:41'),(186,1,200.00,'2026-03-24 12:04:41'),(187,1,200.00,'2026-03-24 12:04:41'),(188,1,200.00,'2026-03-24 12:04:41'),(189,1,200.00,'2026-03-24 12:04:42'),(190,1,200.00,'2026-03-24 12:04:42'),(191,1,200.00,'2026-03-24 12:04:42'),(192,1,200.00,'2026-03-24 12:04:42'),(193,1,200.00,'2026-03-24 12:04:42'),(194,1,200.00,'2026-03-24 12:04:42'),(195,1,200.00,'2026-03-24 12:04:42'),(196,1,200.00,'2026-03-24 12:04:42'),(197,1,200.00,'2026-03-24 12:04:42'),(198,1,200.00,'2026-03-24 12:04:42'),(199,1,200.00,'2026-03-24 12:04:43'),(200,1,200.00,'2026-03-24 12:04:43'),(201,1,200.00,'2026-03-24 12:04:43'),(202,1,200.00,'2026-03-24 12:04:43'),(203,1,200.00,'2026-03-24 12:04:43'),(204,1,200.00,'2026-03-24 12:04:43'),(205,1,200.00,'2026-03-24 12:04:43'),(206,1,200.00,'2026-03-24 12:04:43'),(207,1,200.00,'2026-03-24 12:04:43'),(208,1,200.00,'2026-03-24 12:04:43'),(209,1,200.00,'2026-03-24 12:04:44'),(210,1,200.00,'2026-03-24 12:04:44'),(211,1,200.00,'2026-03-24 12:04:44'),(212,1,200.00,'2026-03-24 12:04:44'),(213,1,200.00,'2026-03-24 12:04:44'),(214,1,200.00,'2026-03-24 12:04:44'),(215,1,200.00,'2026-03-24 12:04:44'),(216,1,200.00,'2026-03-24 12:04:44'),(217,1,200.00,'2026-03-24 12:04:44'),(218,1,200.00,'2026-03-24 12:04:44'),(219,1,200.00,'2026-03-24 12:04:45'),(220,1,200.00,'2026-03-24 12:04:45'),(221,1,200.00,'2026-03-24 12:04:45'),(222,1,200.00,'2026-03-24 12:04:45'),(223,1,200.00,'2026-03-24 12:04:45'),(224,1,200.00,'2026-03-24 12:16:35'),(225,1,200.00,'2026-03-24 12:17:35'),(226,1,200.00,'2026-03-24 12:17:35'),(227,1,200.00,'2026-03-24 12:17:35'),(228,1,200.00,'2026-03-24 12:17:35'),(229,1,200.00,'2026-03-24 12:17:35'),(230,1,200.00,'2026-03-24 12:17:36'),(231,1,200.00,'2026-03-24 12:17:36'),(232,1,200.00,'2026-03-24 12:17:36'),(233,1,200.00,'2026-03-24 12:17:36'),(234,1,200.00,'2026-03-24 12:17:36'),(235,1,200.00,'2026-03-24 12:17:36'),(236,1,200.00,'2026-03-24 12:17:36'),(237,1,200.00,'2026-03-24 12:17:36'),(238,1,200.00,'2026-03-24 12:17:36'),(239,1,200.00,'2026-03-24 12:17:36'),(240,1,200.00,'2026-03-24 12:17:37'),(241,1,200.00,'2026-03-24 12:17:37'),(242,1,200.00,'2026-03-24 12:17:37'),(243,1,200.00,'2026-03-24 12:17:37'),(244,1,200.00,'2026-03-24 12:17:37'),(245,1,200.00,'2026-03-24 12:17:37'),(246,1,200.00,'2026-03-24 12:17:37'),(247,1,200.00,'2026-03-24 12:17:37'),(248,1,200.00,'2026-03-24 12:17:37'),(249,1,200.00,'2026-03-24 12:17:37'),(250,1,200.00,'2026-03-24 12:17:38'),(251,1,200.00,'2026-03-24 12:17:38'),(252,1,200.00,'2026-03-24 12:17:38'),(253,1,200.00,'2026-03-24 12:17:38'),(254,1,200.00,'2026-03-24 12:17:38'),(255,1,200.00,'2026-03-24 12:17:38'),(256,1,200.00,'2026-03-24 12:17:38'),(257,1,200.00,'2026-03-24 12:17:38'),(258,1,200.00,'2026-03-24 12:17:38'),(259,1,200.00,'2026-03-24 12:17:38'),(260,1,200.00,'2026-03-24 12:17:39'),(261,1,200.00,'2026-03-24 12:17:39'),(262,1,200.00,'2026-03-24 12:17:39'),(263,1,200.00,'2026-03-24 12:17:39'),(264,1,200.00,'2026-03-24 12:17:39'),(265,1,200.00,'2026-03-24 12:17:39'),(266,1,200.00,'2026-03-24 12:17:39'),(267,1,200.00,'2026-03-24 12:17:39'),(268,1,200.00,'2026-03-24 12:17:39'),(269,1,200.00,'2026-03-24 12:17:39'),(270,1,200.00,'2026-03-24 12:17:40'),(271,1,200.00,'2026-03-24 12:17:40'),(272,1,200.00,'2026-03-24 12:17:40'),(273,1,200.00,'2026-03-24 12:17:40'),(274,1,200.00,'2026-03-24 12:17:40'),(275,5,3700.00,'2026-03-24 12:31:20'),(276,5,700.00,'2026-03-24 12:34:48');
/*!40000 ALTER TABLE `sales` ENABLE KEYS */;
UNLOCK TABLES;

--
-- Table structure for table `stock_movements`
--

DROP TABLE IF EXISTS `stock_movements`;
/*!40101 SET @saved_cs_client     = @@character_set_client */;
/*!50503 SET character_set_client = utf8mb4 */;
CREATE TABLE `stock_movements` (
  `id` int NOT NULL AUTO_INCREMENT,
  `product_id` int NOT NULL,
  `user_id` int DEFAULT NULL,
  `movement_type` enum('IN','OUT','SALE') NOT NULL,
  `quantity` int NOT NULL,
  `note` varchar(255) DEFAULT NULL,
  `created_at` timestamp NULL DEFAULT CURRENT_TIMESTAMP,
  PRIMARY KEY (`id`),
  KEY `product_id` (`product_id`),
  KEY `user_id` (`user_id`),
  CONSTRAINT `stock_movements_ibfk_1` FOREIGN KEY (`product_id`) REFERENCES `products` (`id`),
  CONSTRAINT `stock_movements_ibfk_2` FOREIGN KEY (`user_id`) REFERENCES `users` (`id`)
) ENGINE=InnoDB AUTO_INCREMENT=297 DEFAULT CHARSET=utf8mb4 COLLATE=utf8mb4_0900_ai_ci;
/*!40101 SET character_set_client = @saved_cs_client */;

--
-- Dumping data for table `stock_movements`
--

LOCK TABLES `stock_movements` WRITE;
/*!40000 ALTER TABLE `stock_movements` DISABLE KEYS */;
INSERT INTO `stock_movements` VALUES (1,1,2,'SALE',3,'Sold through sales terminal','2026-03-16 08:58:59'),(2,6,2,'SALE',2,'Sold through sales terminal','2026-03-16 08:58:59'),(3,5,2,'SALE',1,'Sold through sales terminal','2026-03-16 08:58:59'),(4,6,NULL,'IN',30,'Manual stock in','2026-03-16 09:00:00'),(5,5,NULL,'OUT',25,'Manual stock out','2026-03-16 09:00:21'),(6,6,NULL,'IN',2,'Manual stock in','2026-03-16 09:01:19'),(7,6,NULL,'IN',1,'Manual stock in','2026-03-16 09:01:48'),(8,6,NULL,'IN',0,'Manual stock in','2026-03-16 09:02:18'),(9,6,NULL,'IN',0,'Manual stock in','2026-03-16 09:02:49'),(10,6,NULL,'IN',0,'Manual stock in','2026-03-16 09:03:00'),(11,5,NULL,'OUT',1,'Manual stock out','2026-03-16 09:03:51'),(12,4,1,'IN',24,'Manual stock in','2026-03-16 09:06:19'),(13,7,1,'OUT',5,'Manual stock out','2026-03-17 00:50:17'),(14,7,2,'SALE',1,'Sold through sales terminal','2026-03-17 07:02:59'),(15,5,2,'SALE',1,'Sold through sales terminal','2026-03-17 07:04:29'),(16,6,2,'SALE',1,'Sold through sales terminal','2026-03-17 07:04:29'),(17,1,2,'SALE',2,'Sold through sales terminal','2026-03-17 07:06:38'),(18,2,2,'SALE',2,'Sold through sales terminal','2026-03-17 07:06:38'),(19,1,2,'SALE',28,'Sold through sales terminal','2026-03-17 08:56:21'),(20,7,2,'SALE',9,'Sold through sales terminal','2026-03-17 08:56:21'),(21,4,2,'SALE',9,'Sold through sales terminal','2026-03-17 08:59:21'),(22,18,2,'SALE',15,'Sold through sales terminal','2026-03-17 08:59:21'),(23,6,2,'SALE',1,'Sold through sales terminal','2026-03-17 09:04:05'),(24,19,2,'SALE',1,'Sold through sales terminal','2026-03-17 09:04:05'),(25,18,2,'SALE',13,'Sold through sales terminal','2026-03-17 09:04:05'),(26,18,2,'SALE',1,'Sold through sales terminal','2026-03-17 11:59:40'),(27,18,2,'SALE',2,'Sold through sales terminal','2026-03-17 12:14:29'),(28,18,2,'SALE',6,'Sold through sales terminal','2026-03-17 12:15:53'),(29,21,2,'SALE',9,'Sold through sales terminal','2026-03-17 12:29:34'),(30,21,2,'SALE',1,'Sold through sales terminal','2026-03-17 22:04:50'),(31,18,2,'SALE',1,'Sold through sales terminal','2026-03-17 22:04:50'),(32,6,2,'SALE',1,'Sold through sales terminal','2026-03-17 22:04:50'),(33,18,2,'SALE',1,'Sold through sales terminal','2026-03-22 16:35:20'),(34,18,1,'SALE',2,'Sold through sales terminal','2026-03-23 10:38:30'),(35,18,1,'SALE',2,'Sold through sales terminal','2026-03-23 10:38:30'),(36,18,1,'SALE',2,'Sold through sales terminal','2026-03-23 10:38:31'),(37,18,1,'SALE',2,'Sold through sales terminal','2026-03-23 10:38:31'),(38,18,1,'SALE',2,'Sold through sales terminal','2026-03-23 10:38:32'),(39,18,1,'SALE',2,'Sold through sales terminal','2026-03-23 10:38:32'),(40,18,1,'SALE',2,'Sold through sales terminal','2026-03-23 10:38:33'),(41,18,1,'SALE',2,'Sold through sales terminal','2026-03-23 10:38:33'),(42,18,1,'SALE',2,'Sold through sales terminal','2026-03-23 10:38:34'),(43,18,1,'SALE',2,'Sold through sales terminal','2026-03-23 10:38:34'),(44,18,2,'SALE',8,'Sold through sales terminal','2026-03-23 15:43:11'),(45,18,5,'SALE',3,'Sold through sales terminal','2026-03-23 21:59:09'),(46,21,5,'SALE',1,'Sold through sales terminal','2026-03-23 21:59:09'),(47,3,5,'SALE',2,'Sold through sales terminal','2026-03-23 21:59:09'),(48,18,1,'SALE',2,'Sold through sales terminal','2026-03-24 08:47:35'),(49,18,1,'SALE',2,'Sold through sales terminal','2026-03-24 11:36:54'),(50,18,1,'SALE',2,'Sold through sales terminal','2026-03-24 11:44:21'),(51,18,1,'SALE',2,'Sold through sales terminal','2026-03-24 11:48:08'),(52,18,1,'SALE',2,'Sold through sales terminal','2026-03-24 11:48:08'),(53,18,1,'SALE',2,'Sold through sales terminal','2026-03-24 11:48:08'),(54,18,1,'SALE',2,'Sold through sales terminal','2026-03-24 11:48:08'),(55,18,1,'SALE',2,'Sold through sales terminal','2026-03-24 11:48:08'),(56,18,1,'SALE',2,'Sold through sales terminal','2026-03-24 11:48:08'),(57,18,1,'SALE',2,'Sold through sales terminal','2026-03-24 11:48:08'),(58,18,1,'SALE',2,'Sold through sales terminal','2026-03-24 11:48:08'),(59,18,1,'SALE',2,'Sold through sales terminal','2026-03-24 11:48:08'),(60,18,1,'SALE',2,'Sold through sales terminal','2026-03-24 11:48:08'),(61,18,1,'SALE',2,'Sold through sales terminal','2026-03-24 11:48:09'),(62,18,1,'SALE',2,'Sold through sales terminal','2026-03-24 11:48:09'),(63,18,1,'SALE',2,'Sold through sales terminal','2026-03-24 11:48:09'),(64,18,1,'SALE',2,'Sold through sales terminal','2026-03-24 11:48:09'),(65,18,1,'SALE',2,'Sold through sales terminal','2026-03-24 11:48:09'),(66,18,1,'SALE',2,'Sold through sales terminal','2026-03-24 11:48:09'),(67,18,1,'SALE',2,'Sold through sales terminal','2026-03-24 11:48:09'),(68,18,1,'SALE',2,'Sold through sales terminal','2026-03-24 11:48:09'),(69,18,1,'SALE',2,'Sold through sales terminal','2026-03-24 11:48:09'),(70,18,1,'SALE',2,'Sold through sales terminal','2026-03-24 11:48:09'),(71,18,1,'SALE',2,'Sold through sales terminal','2026-03-24 11:48:10'),(72,18,1,'SALE',2,'Sold through sales terminal','2026-03-24 11:48:10'),(73,18,1,'SALE',2,'Sold through sales terminal','2026-03-24 11:48:10'),(74,18,1,'SALE',2,'Sold through sales terminal','2026-03-24 11:48:10'),(75,18,1,'SALE',2,'Sold through sales terminal','2026-03-24 11:48:10'),(76,18,1,'SALE',2,'Sold through sales terminal','2026-03-24 11:48:10'),(77,18,1,'SALE',2,'Sold through sales terminal','2026-03-24 11:48:10'),(78,18,1,'SALE',2,'Sold through sales terminal','2026-03-24 11:48:10'),(79,18,1,'SALE',2,'Sold through sales terminal','2026-03-24 11:48:10'),(80,18,1,'SALE',2,'Sold through sales terminal','2026-03-24 11:48:10'),(81,18,1,'SALE',2,'Sold through sales terminal','2026-03-24 11:48:11'),(82,18,1,'SALE',2,'Sold through sales terminal','2026-03-24 11:48:11'),(83,18,1,'SALE',2,'Sold through sales terminal','2026-03-24 11:48:11'),(84,18,1,'SALE',2,'Sold through sales terminal','2026-03-24 11:48:11'),(85,18,1,'SALE',2,'Sold through sales terminal','2026-03-24 11:48:11'),(86,18,1,'SALE',2,'Sold through sales terminal','2026-03-24 11:48:11'),(87,18,1,'SALE',2,'Sold through sales terminal','2026-03-24 11:48:11'),(88,18,1,'SALE',2,'Sold through sales terminal','2026-03-24 11:48:11'),(89,18,1,'SALE',2,'Sold through sales terminal','2026-03-24 11:48:11'),(90,18,1,'SALE',2,'Sold through sales terminal','2026-03-24 11:48:11'),(91,18,1,'SALE',2,'Sold through sales terminal','2026-03-24 11:48:12'),(92,18,1,'SALE',2,'Sold through sales terminal','2026-03-24 11:48:12'),(93,18,1,'SALE',2,'Sold through sales terminal','2026-03-24 12:00:35'),(94,18,1,'SALE',2,'Sold through sales terminal','2026-03-24 12:00:35'),(95,18,1,'SALE',2,'Sold through sales terminal','2026-03-24 12:00:36'),(96,18,1,'SALE',2,'Sold through sales terminal','2026-03-24 12:00:36'),(97,18,1,'SALE',2,'Sold through sales terminal','2026-03-24 12:00:36'),(98,18,1,'SALE',2,'Sold through sales terminal','2026-03-24 12:00:36'),(99,18,1,'SALE',2,'Sold through sales terminal','2026-03-24 12:00:36'),(100,18,1,'SALE',2,'Sold through sales terminal','2026-03-24 12:00:36'),(101,18,1,'SALE',2,'Sold through sales terminal','2026-03-24 12:00:36'),(102,18,1,'SALE',2,'Sold through sales terminal','2026-03-24 12:00:36'),(103,18,1,'SALE',2,'Sold through sales terminal','2026-03-24 12:00:36'),(104,18,1,'SALE',2,'Sold through sales terminal','2026-03-24 12:00:36'),(105,18,1,'SALE',2,'Sold through sales terminal','2026-03-24 12:00:36'),(106,18,1,'SALE',2,'Sold through sales terminal','2026-03-24 12:00:36'),(107,18,1,'SALE',2,'Sold through sales terminal','2026-03-24 12:00:36'),(108,18,1,'SALE',2,'Sold through sales terminal','2026-03-24 12:00:37'),(109,18,1,'SALE',2,'Sold through sales terminal','2026-03-24 12:00:37'),(110,18,1,'SALE',2,'Sold through sales terminal','2026-03-24 12:00:37'),(111,18,1,'SALE',2,'Sold through sales terminal','2026-03-24 12:00:37'),(112,18,1,'SALE',2,'Sold through sales terminal','2026-03-24 12:00:37'),(113,18,1,'SALE',2,'Sold through sales terminal','2026-03-24 12:00:37'),(114,18,1,'SALE',2,'Sold through sales terminal','2026-03-24 12:00:37'),(115,18,1,'SALE',2,'Sold through sales terminal','2026-03-24 12:00:37'),(116,18,1,'SALE',2,'Sold through sales terminal','2026-03-24 12:00:37'),(117,18,1,'SALE',2,'Sold through sales terminal','2026-03-24 12:00:37'),(118,18,1,'SALE',2,'Sold through sales terminal','2026-03-24 12:00:38'),(119,18,1,'SALE',2,'Sold through sales terminal','2026-03-24 12:00:38'),(120,18,1,'SALE',2,'Sold through sales terminal','2026-03-24 12:00:38'),(121,18,1,'SALE',2,'Sold through sales terminal','2026-03-24 12:00:38'),(122,18,1,'SALE',2,'Sold through sales terminal','2026-03-24 12:00:38'),(123,18,1,'SALE',2,'Sold through sales terminal','2026-03-24 12:00:38'),(124,18,1,'SALE',2,'Sold through sales terminal','2026-03-24 12:00:38'),(125,18,1,'SALE',2,'Sold through sales terminal','2026-03-24 12:00:38'),(126,18,1,'SALE',2,'Sold through sales terminal','2026-03-24 12:00:38'),(127,18,1,'SALE',2,'Sold through sales terminal','2026-03-24 12:00:38'),(128,18,1,'SALE',2,'Sold through sales terminal','2026-03-24 12:00:39'),(129,18,1,'SALE',2,'Sold through sales terminal','2026-03-24 12:00:39'),(130,18,1,'SALE',2,'Sold through sales terminal','2026-03-24 12:00:39'),(131,18,1,'SALE',2,'Sold through sales terminal','2026-03-24 12:00:39'),(132,18,1,'SALE',2,'Sold through sales terminal','2026-03-24 12:00:39'),(133,18,1,'SALE',2,'Sold through sales terminal','2026-03-24 12:00:39'),(134,18,1,'SALE',2,'Sold through sales terminal','2026-03-24 12:00:39'),(135,18,1,'SALE',2,'Sold through sales terminal','2026-03-24 12:00:39'),(136,18,1,'SALE',2,'Sold through sales terminal','2026-03-24 12:00:39'),(137,18,1,'SALE',2,'Sold through sales terminal','2026-03-24 12:00:39'),(138,18,1,'SALE',2,'Sold through sales terminal','2026-03-24 12:00:40'),(139,18,1,'SALE',2,'Sold through sales terminal','2026-03-24 12:00:40'),(140,18,1,'SALE',2,'Sold through sales terminal','2026-03-24 12:00:40'),(141,18,1,'SALE',2,'Sold through sales terminal','2026-03-24 12:00:40'),(142,18,1,'SALE',2,'Sold through sales terminal','2026-03-24 12:00:40'),(143,18,1,'SALE',2,'Sold through sales terminal','2026-03-24 12:04:35'),(144,18,1,'SALE',2,'Sold through sales terminal','2026-03-24 12:04:35'),(145,18,1,'SALE',2,'Sold through sales terminal','2026-03-24 12:04:35'),(146,18,1,'SALE',2,'Sold through sales terminal','2026-03-24 12:04:36'),(147,18,1,'SALE',2,'Sold through sales terminal','2026-03-24 12:04:36'),(148,18,1,'SALE',2,'Sold through sales terminal','2026-03-24 12:04:36'),(149,18,1,'SALE',2,'Sold through sales terminal','2026-03-24 12:04:36'),(150,18,1,'SALE',2,'Sold through sales terminal','2026-03-24 12:04:36'),(151,18,1,'SALE',2,'Sold through sales terminal','2026-03-24 12:04:36'),(152,18,1,'SALE',2,'Sold through sales terminal','2026-03-24 12:04:36'),(153,18,1,'SALE',2,'Sold through sales terminal','2026-03-24 12:04:36'),(154,18,1,'SALE',2,'Sold through sales terminal','2026-03-24 12:04:36'),(155,18,1,'SALE',2,'Sold through sales terminal','2026-03-24 12:04:36'),(156,18,1,'SALE',2,'Sold through sales terminal','2026-03-24 12:04:36'),(157,18,1,'SALE',2,'Sold through sales terminal','2026-03-24 12:04:36'),(158,18,1,'SALE',2,'Sold through sales terminal','2026-03-24 12:04:37'),(159,18,1,'SALE',2,'Sold through sales terminal','2026-03-24 12:04:37'),(160,18,1,'SALE',2,'Sold through sales terminal','2026-03-24 12:04:37'),(161,18,1,'SALE',2,'Sold through sales terminal','2026-03-24 12:04:37'),(162,18,1,'SALE',2,'Sold through sales terminal','2026-03-24 12:04:37'),(163,18,1,'SALE',2,'Sold through sales terminal','2026-03-24 12:04:37'),(164,18,1,'SALE',2,'Sold through sales terminal','2026-03-24 12:04:37'),(165,18,1,'SALE',2,'Sold through sales terminal','2026-03-24 12:04:37'),(166,18,1,'SALE',2,'Sold through sales terminal','2026-03-24 12:04:37'),(167,18,1,'SALE',2,'Sold through sales terminal','2026-03-24 12:04:37'),(168,18,1,'SALE',2,'Sold through sales terminal','2026-03-24 12:04:38'),(169,18,1,'SALE',2,'Sold through sales terminal','2026-03-24 12:04:38'),(170,18,1,'SALE',2,'Sold through sales terminal','2026-03-24 12:04:38'),(171,18,1,'SALE',2,'Sold through sales terminal','2026-03-24 12:04:38'),(172,18,1,'SALE',2,'Sold through sales terminal','2026-03-24 12:04:38'),(173,18,1,'SALE',2,'Sold through sales terminal','2026-03-24 12:04:38'),(174,18,1,'SALE',2,'Sold through sales terminal','2026-03-24 12:04:38'),(175,18,1,'SALE',2,'Sold through sales terminal','2026-03-24 12:04:38'),(176,18,1,'SALE',2,'Sold through sales terminal','2026-03-24 12:04:38'),(177,18,1,'SALE',2,'Sold through sales terminal','2026-03-24 12:04:38'),(178,18,1,'SALE',2,'Sold through sales terminal','2026-03-24 12:04:39'),(179,18,1,'SALE',2,'Sold through sales terminal','2026-03-24 12:04:39'),(180,18,1,'SALE',2,'Sold through sales terminal','2026-03-24 12:04:39'),(181,18,1,'SALE',2,'Sold through sales terminal','2026-03-24 12:04:39'),(182,18,1,'SALE',2,'Sold through sales terminal','2026-03-24 12:04:39'),(183,18,1,'SALE',2,'Sold through sales terminal','2026-03-24 12:04:39'),(184,18,1,'SALE',2,'Sold through sales terminal','2026-03-24 12:04:39'),(185,18,1,'SALE',2,'Sold through sales terminal','2026-03-24 12:04:39'),(186,18,1,'SALE',2,'Sold through sales terminal','2026-03-24 12:04:39'),(187,18,1,'SALE',2,'Sold through sales terminal','2026-03-24 12:04:39'),(188,18,1,'SALE',2,'Sold through sales terminal','2026-03-24 12:04:40'),(189,18,1,'SALE',2,'Sold through sales terminal','2026-03-24 12:04:40'),(190,18,1,'SALE',2,'Sold through sales terminal','2026-03-24 12:04:40'),(191,18,1,'SALE',2,'Sold through sales terminal','2026-03-24 12:04:40'),(192,18,1,'SALE',2,'Sold through sales terminal','2026-03-24 12:04:40'),(193,18,1,'SALE',2,'Sold through sales terminal','2026-03-24 12:04:40'),(194,18,1,'SALE',2,'Sold through sales terminal','2026-03-24 12:04:40'),(195,18,1,'SALE',2,'Sold through sales terminal','2026-03-24 12:04:40'),(196,18,1,'SALE',2,'Sold through sales terminal','2026-03-24 12:04:40'),(197,18,1,'SALE',2,'Sold through sales terminal','2026-03-24 12:04:40'),(198,18,1,'SALE',2,'Sold through sales terminal','2026-03-24 12:04:41'),(199,18,1,'SALE',2,'Sold through sales terminal','2026-03-24 12:04:41'),(200,18,1,'SALE',2,'Sold through sales terminal','2026-03-24 12:04:41'),(201,18,1,'SALE',2,'Sold through sales terminal','2026-03-24 12:04:41'),(202,18,1,'SALE',2,'Sold through sales terminal','2026-03-24 12:04:41'),(203,18,1,'SALE',2,'Sold through sales terminal','2026-03-24 12:04:41'),(204,18,1,'SALE',2,'Sold through sales terminal','2026-03-24 12:04:41'),(205,18,1,'SALE',2,'Sold through sales terminal','2026-03-24 12:04:41'),(206,18,1,'SALE',2,'Sold through sales terminal','2026-03-24 12:04:41'),(207,18,1,'SALE',2,'Sold through sales terminal','2026-03-24 12:04:41'),(208,18,1,'SALE',2,'Sold through sales terminal','2026-03-24 12:04:42'),(209,18,1,'SALE',2,'Sold through sales terminal','2026-03-24 12:04:42'),(210,18,1,'SALE',2,'Sold through sales terminal','2026-03-24 12:04:42'),(211,18,1,'SALE',2,'Sold through sales terminal','2026-03-24 12:04:42'),(212,18,1,'SALE',2,'Sold through sales terminal','2026-03-24 12:04:42'),(213,18,1,'SALE',2,'Sold through sales terminal','2026-03-24 12:04:42'),(214,18,1,'SALE',2,'Sold through sales terminal','2026-03-24 12:04:42'),(215,18,1,'SALE',2,'Sold through sales terminal','2026-03-24 12:04:42'),(216,18,1,'SALE',2,'Sold through sales terminal','2026-03-24 12:04:42'),(217,18,1,'SALE',2,'Sold through sales terminal','2026-03-24 12:04:42'),(218,18,1,'SALE',2,'Sold through sales terminal','2026-03-24 12:04:43'),(219,18,1,'SALE',2,'Sold through sales terminal','2026-03-24 12:04:43'),(220,18,1,'SALE',2,'Sold through sales terminal','2026-03-24 12:04:43'),(221,18,1,'SALE',2,'Sold through sales terminal','2026-03-24 12:04:43'),(222,18,1,'SALE',2,'Sold through sales terminal','2026-03-24 12:04:43'),(223,18,1,'SALE',2,'Sold through sales terminal','2026-03-24 12:04:43'),(224,18,1,'SALE',2,'Sold through sales terminal','2026-03-24 12:04:43'),(225,18,1,'SALE',2,'Sold through sales terminal','2026-03-24 12:04:43'),(226,18,1,'SALE',2,'Sold through sales terminal','2026-03-24 12:04:43'),(227,18,1,'SALE',2,'Sold through sales terminal','2026-03-24 12:04:43'),(228,18,1,'SALE',2,'Sold through sales terminal','2026-03-24 12:04:44'),(229,18,1,'SALE',2,'Sold through sales terminal','2026-03-24 12:04:44'),(230,18,1,'SALE',2,'Sold through sales terminal','2026-03-24 12:04:44'),(231,18,1,'SALE',2,'Sold through sales terminal','2026-03-24 12:04:44'),(232,18,1,'SALE',2,'Sold through sales terminal','2026-03-24 12:04:44'),(233,18,1,'SALE',2,'Sold through sales terminal','2026-03-24 12:04:44'),(234,18,1,'SALE',2,'Sold through sales terminal','2026-03-24 12:04:44'),(235,18,1,'SALE',2,'Sold through sales terminal','2026-03-24 12:04:44'),(236,18,1,'SALE',2,'Sold through sales terminal','2026-03-24 12:04:44'),(237,18,1,'SALE',2,'Sold through sales terminal','2026-03-24 12:04:44'),(238,18,1,'SALE',2,'Sold through sales terminal','2026-03-24 12:04:45'),(239,18,1,'SALE',2,'Sold through sales terminal','2026-03-24 12:04:45'),(240,18,1,'SALE',2,'Sold through sales terminal','2026-03-24 12:04:45'),(241,18,1,'SALE',2,'Sold through sales terminal','2026-03-24 12:04:45'),(242,18,1,'SALE',2,'Sold through sales terminal','2026-03-24 12:04:45'),(243,18,1,'SALE',2,'Sold through sales terminal','2026-03-24 12:16:35'),(244,18,1,'SALE',2,'Sold through sales terminal','2026-03-24 12:17:35'),(245,18,1,'SALE',2,'Sold through sales terminal','2026-03-24 12:17:35'),(246,18,1,'SALE',2,'Sold through sales terminal','2026-03-24 12:17:35'),(247,18,1,'SALE',2,'Sold through sales terminal','2026-03-24 12:17:35'),(248,18,1,'SALE',2,'Sold through sales terminal','2026-03-24 12:17:35'),(249,18,1,'SALE',2,'Sold through sales terminal','2026-03-24 12:17:36'),(250,18,1,'SALE',2,'Sold through sales terminal','2026-03-24 12:17:36'),(251,18,1,'SALE',2,'Sold through sales terminal','2026-03-24 12:17:36'),(252,18,1,'SALE',2,'Sold through sales terminal','2026-03-24 12:17:36'),(253,18,1,'SALE',2,'Sold through sales terminal','2026-03-24 12:17:36'),(254,18,1,'SALE',2,'Sold through sales terminal','2026-03-24 12:17:36'),(255,18,1,'SALE',2,'Sold through sales terminal','2026-03-24 12:17:36'),(256,18,1,'SALE',2,'Sold through sales terminal','2026-03-24 12:17:36'),(257,18,1,'SALE',2,'Sold through sales terminal','2026-03-24 12:17:36'),(258,18,1,'SALE',2,'Sold through sales terminal','2026-03-24 12:17:36'),(259,18,1,'SALE',2,'Sold through sales terminal','2026-03-24 12:17:37'),(260,18,1,'SALE',2,'Sold through sales terminal','2026-03-24 12:17:37'),(261,18,1,'SALE',2,'Sold through sales terminal','2026-03-24 12:17:37'),(262,18,1,'SALE',2,'Sold through sales terminal','2026-03-24 12:17:37'),(263,18,1,'SALE',2,'Sold through sales terminal','2026-03-24 12:17:37'),(264,18,1,'SALE',2,'Sold through sales terminal','2026-03-24 12:17:37'),(265,18,1,'SALE',2,'Sold through sales terminal','2026-03-24 12:17:37'),(266,18,1,'SALE',2,'Sold through sales terminal','2026-03-24 12:17:37'),(267,18,1,'SALE',2,'Sold through sales terminal','2026-03-24 12:17:37'),(268,18,1,'SALE',2,'Sold through sales terminal','2026-03-24 12:17:37'),(269,18,1,'SALE',2,'Sold through sales terminal','2026-03-24 12:17:38'),(270,18,1,'SALE',2,'Sold through sales terminal','2026-03-24 12:17:38'),(271,18,1,'SALE',2,'Sold through sales terminal','2026-03-24 12:17:38'),(272,18,1,'SALE',2,'Sold through sales terminal','2026-03-24 12:17:38'),(273,18,1,'SALE',2,'Sold through sales terminal','2026-03-24 12:17:38'),(274,18,1,'SALE',2,'Sold through sales terminal','2026-03-24 12:17:38'),(275,18,1,'SALE',2,'Sold through sales terminal','2026-03-24 12:17:38'),(276,18,1,'SALE',2,'Sold through sales terminal','2026-03-24 12:17:38'),(277,18,1,'SALE',2,'Sold through sales terminal','2026-03-24 12:17:38'),(278,18,1,'SALE',2,'Sold through sales terminal','2026-03-24 12:17:38'),(279,18,1,'SALE',2,'Sold through sales terminal','2026-03-24 12:17:39'),(280,18,1,'SALE',2,'Sold through sales terminal','2026-03-24 12:17:39'),(281,18,1,'SALE',2,'Sold through sales terminal','2026-03-24 12:17:39'),(282,18,1,'SALE',2,'Sold through sales terminal','2026-03-24 12:17:39'),(283,18,1,'SALE',2,'Sold through sales terminal','2026-03-24 12:17:39'),(284,18,1,'SALE',2,'Sold through sales terminal','2026-03-24 12:17:39'),(285,18,1,'SALE',2,'Sold through sales terminal','2026-03-24 12:17:39'),(286,18,1,'SALE',2,'Sold through sales terminal','2026-03-24 12:17:39'),(287,18,1,'SALE',2,'Sold through sales terminal','2026-03-24 12:17:39'),(288,18,1,'SALE',2,'Sold through sales terminal','2026-03-24 12:17:39'),(289,18,1,'SALE',2,'Sold through sales terminal','2026-03-24 12:17:40'),(290,18,1,'SALE',2,'Sold through sales terminal','2026-03-24 12:17:40'),(291,18,1,'SALE',2,'Sold through sales terminal','2026-03-24 12:17:40'),(292,18,1,'SALE',2,'Sold through sales terminal','2026-03-24 12:17:40'),(293,18,1,'SALE',2,'Sold through sales terminal','2026-03-24 12:17:40'),(294,6,5,'SALE',1,'Sold through sales terminal','2026-03-24 12:31:20'),(295,4,5,'SALE',1,'Sold through sales terminal','2026-03-24 12:31:20'),(296,3,5,'SALE',2,'Sold through sales terminal','2026-03-24 12:34:48');
/*!40000 ALTER TABLE `stock_movements` ENABLE KEYS */;
UNLOCK TABLES;

--
-- Table structure for table `users`
--

DROP TABLE IF EXISTS `users`;
/*!40101 SET @saved_cs_client     = @@character_set_client */;
/*!50503 SET character_set_client = utf8mb4 */;
CREATE TABLE `users` (
  `id` int NOT NULL AUTO_INCREMENT,
  `full_name` varchar(100) NOT NULL,
  `username` varchar(50) NOT NULL,
  `password_hash` varchar(255) NOT NULL,
  `role` enum('admin','staff') NOT NULL,
  `is_active` tinyint(1) DEFAULT '1',
  `created_at` timestamp NULL DEFAULT CURRENT_TIMESTAMP,
  PRIMARY KEY (`id`),
  UNIQUE KEY `username` (`username`)
) ENGINE=InnoDB AUTO_INCREMENT=6 DEFAULT CHARSET=utf8mb4 COLLATE=utf8mb4_0900_ai_ci;
/*!40101 SET character_set_client = @saved_cs_client */;

--
-- Dumping data for table `users`
--

LOCK TABLES `users` WRITE;
/*!40000 ALTER TABLE `users` DISABLE KEYS */;
INSERT INTO `users` VALUES (1,'George ','Georgie','$2b$10$9cSTkssKKFdt3K4.zqNkMeEBZ1nQlTc4cYNBVjo.fXamuz4gcNp6K','admin',1,'2026-03-14 05:47:21'),(2,'Vanessa ','Vanessa','$2b$10$9cSTkssKKFdt3K4.zqNkMeEBZ1nQlTc4cYNBVjo.fXamuz4gcNp6K','staff',1,'2026-03-14 05:47:21'),(4,'David','davidprice10','$2b$10$Zt.FiAX8uTCsucHaKrhUGuDNT7paf2Doa6QFI471CqHxEThZBeiSm','staff',1,'2026-03-17 08:53:47'),(5,'Moyin David','Moyin','$2b$10$e68qidDPN7msh5kZ..rNI.ecFvnpoQ6qCA3sPpmu/ASQcaRmXtpAS','staff',1,'2026-03-23 21:57:24');
/*!40000 ALTER TABLE `users` ENABLE KEYS */;
UNLOCK TABLES;
SET @@SESSION.SQL_LOG_BIN = @MYSQLDUMP_TEMP_LOG_BIN;
/*!40103 SET TIME_ZONE=@OLD_TIME_ZONE */;

/*!40101 SET SQL_MODE=@OLD_SQL_MODE */;
/*!40014 SET FOREIGN_KEY_CHECKS=@OLD_FOREIGN_KEY_CHECKS */;
/*!40014 SET UNIQUE_CHECKS=@OLD_UNIQUE_CHECKS */;
/*!40101 SET CHARACTER_SET_CLIENT=@OLD_CHARACTER_SET_CLIENT */;
/*!40101 SET CHARACTER_SET_RESULTS=@OLD_CHARACTER_SET_RESULTS */;
/*!40101 SET COLLATION_CONNECTION=@OLD_COLLATION_CONNECTION */;
/*!40111 SET SQL_NOTES=@OLD_SQL_NOTES */;

-- Dump completed on 2026-03-29  9:14:13
